AAI;Afro-Asiatisches Institut;office@aai-wien.at;;"http://www.aai-wien.at/
 ";;01 / 310 51 45-311;Türkenstraße;3;1090;Wien;Österreich;Kultureller Austausch, Veranstaltungen, Projekte, ein Café und mehr;
AB+;Arbeit+;;;http://arbeitplus.at/datenbank/;;;;;;;;Unterstützt Sie bei der Suche nach Dienstleistungen und Produkten, die von Sozialen Unternehmen angeboten werden;
ADV;Arbeit+;;;;;;Säulengasse;31;1090;Wien;Österreich;Gratis Ausgabe von warmen Essen, Kleidung und Wäsche;
AGKM;Angekommen;;;http://www.angekommen.online/;;;;;;;;Informationen über das Leben in Österreich;
AID;Aidshilfe Wien;office@aids-hilfe-wien.at;;http://www.aids.at;;004315993730;Mariahilfer Gürtel;4;1060;Wien;Österreich;Unterstützung HIV-positiver und AIDS-kranker Menschen;
AIN;Asyl in Not;office@asyl-in-not.org;;http://www.asyl-in-not.org/php/portal.php;;004314084210;Währinger Straße;59/2/1;1090;Wien;Österreich;Rechtsberatung und Rechtsvertretung für rechtskräftig abgewiesener AsylwerberInnen.;
AK;Arbeitekammer;bibliothek@akwien.at;;http://wien.arbeiterkammer.at/service/bibliothek/index.html ;;0043 1 50165 2352;Prinz Eugen-Straße;20-22;1040;Wien;Österreich;Öffentliche Bücherei mit WLAN;
AKH;Allgemeines Krankenhaus;;;http://www.akhwien.at/;;00431404000;Währinger Gürtel;18-20;1090;Wien;Österreich;Allgemeines Krankenhaus Wien;
AMB;AmberMed;amber@diakonie.at;;http://www.amber-med.at/;;0043158900847;Oberlaaer Strasse;300-306;1230;Wien;Österreich;Medizinische Behandlung für Menschen ohne Versicherungsschutz, Krisenintervention, stabilisierende Entlastungsgespräche und Kurzzeit-Therapien;
AMERL;Kulturzentrum Spittelberg im Amerlinghaus;amerlinghaus@inode.at;;http://www.amerlinghaus.at/;;004315236475;Stiftgasse;8;1070;Wien;Österreich;Bietet Deutschkurse für MigrantInnen, Kinderbetreuung, interkulturelle Projekte in unterschiedlichsten Bereichen und vieles mehr.;
AMS;Arbeitsmarktservice;ams.oesterreich@ams.at;;http://www.ams.at/;; 1 33178-0;Treustraße;35-43;1200;Wien;Österreich;Das Arbeitsmarktservice ist eine Beratungsstelle für Arbeitsplatzvermittlung und Sozialhilfeleistungen;
ARW;Aktionsradius Wien;office@aktionsradius.at;;http://www.aktionsradius.at/;;01 332 2694;Gaußplatz;11;1200;Wien;Österreich;Kulturbüro und Projektwerkstatt im urbanen Kontext arbeitet der Aktionsradius Wien an der Schnittstelle von gesellschaftsrelevanten Zeit- und Stadtthemen, Stadtgeschichte, Kunst, multikulturellem Engagement und partizipativer Stadtentwicklung;
AS24;Arztsuche 24;;;http://arztsuche24.at/;;;;;;;;Eine ÄrztInnen-Suchmaschine für Wien, mit einem Sprachfilter;
ASYL;Asylkoordination Österreich;asylkoordination@asyl.at;;http://www.asyl.at ;;004315321291;Burggasse;81/7;1070;Wien;Österreich;Betreuung, Beratung, Bildung und Hilfe für Menschen mit Fluchthintergrund.;
ATHUN;Asylum Thunder;team@asylumthunder.at ;;http://www.asylumthunder.at/;;0043664/8844 5031;Kaiserebersdorfer Straße;79/3/5;1110;Wien;Österreich;Sport- und Freizeitangebote;
BFA;Bundesamt für Fremdenwesen und Asylwesen (BFA);BFA-Einlaufstelle@bmi.gv.at;;http://www.bfa.gv.at/ ;;00431531265001;Landstraßer Hauptstraße;169;1030;Wien;Österreich;Bundesamt für Fremdenwesen und Asylwesen;
BHERZ;Barmherzige Brüder;;;http://www.barmherzige-brueder.at/site/wien/medizinpflege/;;0043 1 21121-0;Johannes-von-Gott-Platz;1;1020;Wien;Österreich;Krankenhaus mit verschiedenen Notfallambulanzen;
BK;Bikekitchen;info@bikekitchen.net;;http://www.bikekitchen.net/index.php/Home;;00436763139415;Goldschlagstraße;8;1150;Wien;Österreich;Fahrrad Kollektiv - jeden Donnerstag von 16h bis 24h Selbsthilfe-Radwerkstatt;
BLKTE;Miteinander Lernen;birlikte@miteinlernen.at;;http://www.miteinlernen.at ;;004314931608;Koppstraße;38/8;1160;Wien;Österreich;Beratung, Bildung und Psychotherapie für Frauen, Kinder und Familien mit Migrationshintergrund.;
BMM;Bewegung Mitmensch;bewegung.mitmensch@gmx.at;;http://www.bewegungmitmensch.at/wb/;;01 3108892;Boltzmanngasse;7-9;1090;Wien;Österreich;;
BP;Brunnenpassage;info@brunnenpassage.at;;http://www.brunnenpassage.at/;;004318906041;Brunnengasse;71;1160;Wien;Österreich;Hier können Menschen unterschiedlicher Herkunft an Kulturveranstaltungen teilnehmen;
BRTS;Beratungsstellen;service@bestnet.com;;http://www.beratungsstellen.at/contents/14601/schwerpunktthema-fluechtlinge;;(01) 3197500;Augasse;5-7;1090;Wien;Österreich;Flüchtlingsberatung;
BVWG;Bundesverwaltungsgericht;einlaufstelle@bvwg.gv.a;;https://www.bvwg.gv.at/fachbereiche/asyl_und_fremdenrecht_autostart.html;;00431601490;Erdbergstraße;192-196;1030;Wien;Österreich;österreichweit die zentrale Anlaufstelle für Beschwerden gegen Behördenentscheidungen;
BW;Buchereien Wien;post@buechereien.wien.at;;https://www.buechereien.wien.at/de/standorteoeffnungszeiten/zweigstellen/;;0043 1 4000-84500;Urban-Loritz-Platz;2a;1070;Wien;Österreich;Öffentliche Bücherei mit Wlan;
CAR;Caritas;office@caritas-austria.at;;https://www.caritas-wien.at/hilfe-angebote/asyl-integration/ ;;00431878120;Albrechtskreithgasse;19-21;1160;Wien;Österreich;Hilfsorganisation;
CAR/ARB;Asylrechtsberatung;asylrechtsberatung@caritas-wien.at;;https://www.caritas-wien.at/hilfe-angebote/asyl-integration/beratung-fuer-asylwerberinnen/asylrechtsberatung/;;0043142788644;Spitalgasse;5-9;1090;Wien;Österreich;kostenlose Asylrechtsberatung, unterstützt Flüchtlinge bei ihrem Asylverfahren sowie den damit verbundenen Rechtsfragen;
CAR/AW;a_way;a_way@caritas-wien.at;;https://www.caritas-wien.at/hilfe-angebote/obdach-wohnen/notschlafstellen/notschlafstelle-fuer-jugendliche/;;01 897 52 19;Felberstraße;1/7;1150;Wien;Österreich;Akuthilfe für Jugendliche zwischen 14 und 18 Jahren (auch junge Flüchtlinge);
CAR/AZ;Asylzentrum - Erstkontakt für Service- und Beratungsstelle;asylzentrum@caritas-wien.at;;https://www.caritas-wien.at/hilfe-angebote/asyl-integration/beratung-fuer-asylwerberinnen/asylzentrum/;;00431427880;Spitalgasse;5-9;1090;WIen;Österreich;Für die Grundversorgung anspruchsberechtigter Flüchtlinge zuständig, Sozialberatung;
CAR/CARBIZ;CarBiz - Bildungsberatung;bildungsberatung@caritas-wien.at;;https://www.caritas-wien.at/hilfe-angebote/asyl-integration/ausbildung/carbiz-bildungsberatung/;;004314061037;Baumannstraße;11-15;1030;Wien;Österreich;Bildungs- und Berufsberatung für Flüchtlinge und MigrantInnen.;
CAR/CBUS;Canisibus;canisibus@caritas-wien.at;;https://www.caritas-wien.at/hilfe-angebote/obdach-wohnen/mobile-notversorgung/canisibus/;;01 878 126 09 ;Römergasse ;64-66;1160;Wien;Österreich;Essensausgabe;
CAR/HD;Haus Daria;haus.daria@caritas-wien.at;;https://www.caritas-wien.at/hilfe-angebote/asyl-integration/wohnen/wohnhaeuser/haus-daria/;;004316026040;Braunspergengasse;20-22;1100;Wien;Österreich;bietet Betreuungsschwerpunkte für junge Erwachsene, alleinstehende Frauen und Mütter sowie für Menschen mit psychischen Beeinträchtigungen.;
CAR/HSJ;Tageszentrum Haus St. Josef;haus-st-josef@caritas-wien.at;;https://www.caritas-wien.at/hilfe-angebote/obdach-wohnen/wohnhaeuser/fuer-menschen-mit-gesundheitlichen-problemen/haus-st-josef/;;01 522 31 71 ;Bernardgasse;27;1070;Wien;Österreich;Platz für erwachsene wohnungslose Menschen, auch mit Suchtproblematik. Es stehen Plätze in Einzelzimmern und Paarzimmern zur Verfügung. Haustiere sind ebenfalls willkommen.;
CAR/KH;Karwan Haus;karwan@caritas-wien.at;;https://www.caritas-wien.at/hilfe-angebote/asyl-integration/wohnen/wohnhaeuser/karwanhaus/;;014092331;Blindengasse;44;1080;Wien;Österreich;bietet Platz für 175 Menschen. Alleinstehende Frauen und Männer, sowie Familien leben bei uns.;
CAR/KW;Kompa Wien;kompa@caritas-wien.at;;https://www.caritas-wien.at/hilfe-angebote/asyl-integration/miteinander/kompa/;;004366488917078;Halirschgasse;16;1170;Wien;Österreich;bietet Information zum Thema Flucht und Migration, und Mediation bei interkulturellen Konflikten an;
CAR/LOU;Louise-bus;;;;;;;;;;;;
CAR/PEP;*peppa Mädchenzentrum;peppa@caritas-wien.at;;https://www.caritas-wien.at/hilfe-angebote/asyl-integration/miteinander/maedchenzentrum-peppa/;;004314930965;Hasnerstraße;61/EG;1160;Wien;Österreich;bietet einen geschützten Raum für Mädchen und junge Frauen. Alle Angebote sind vertraulich und kostenlos;
CAR/S129;Stand 129;stand129@caritas-wien.at;;https://www.caritas-wien.at/hilfe-angebote/zusammenleben/kunst-fuer-alle/stand-129/;;;Marktstand;129-132;1100;Wien;Österreich;Kunst- und Kulturraum der Caritas Wien, bietet Raum für neue Begegnungen (am Viktor Adler Markt);
CAR/TDT;Tanz die Toleranz;tanzdietoleranz@caritas-wien.at;;https://www.caritas-wien.at/hilfe-angebote/zusammenleben/kunst-fuer-alle/tanz-die-toleranz/;;01367255441;Heiligenstädterstraße;31;1190;Wien;Österreich;Das Projekt Tanz die Toleranz ermöglicht neue Begegnungen. Einfach kommen und mittanzen!;
CONN;The Connection;office@theconnection.at;;http://www.theconnection.at;;00436644147545;Garnisongasse;11;1090;Wien;Österreich;offenes Café mit Angebot für junge MigrantInnen (Anstellung, Kurse, Buddy-System);
DAMA;MedR Dr. Ahmed Maher Abouelenin;;;http://www.docfinder.at/arzt/allgemeinmedizin/1100-wien/dr-leila-abouelenin-55221_1;;0043 1 60433030;Keplerplatz;14/5;1100;Wien;Österreich;Allgemeinmediziner, Spricht Englisch, Farsi, Persisch, Türkisch;
DBFF;Don Bosco für Flüchtlinge;fluechtlinge@donbosco.at;;http://fluechtlinge.donbosco.at/de/;;0043 1 665 02 55;St. Veit-Gasse;25;1130;Wien;Österreich;bieten jungen Flüchtlingen ein Zuhause auf Zeit und sozialpädagogische Begleitung;
DBFW;Don Bosco Flüchtlingswerk;office@fluechtlingswerk.at;;http://www.fluechtlingswerk.at/ ;;00431878390;St. Veit-Gasse;25;1130;Wien;Österreich;bieten jungen Flüchtlingen ein Zuhause auf Zeit und sozialpädagogische Begleitung;
DEEW;Der Wiener Deewan;d1@deewan.at;;http://deewan.at/;;004319251185;Liechtensteinstraße;10;1090;Wien;Österreich;"Pakistanisches Restaurant mit ""All-You-Can-Eat-Pay-As-You-Wish"" Buffet";
DIF;Donauinselfest;;;https://2016.donauinselfest.at ;;;;;;;;Größtes Open-Air Festival Europas, jährlich im Juni auf der Donauinsel, Eintritt frei;
DISL;Der Islam;office@derislam.at;;derislam.at;;1 526 31 22;Bernardgasse;5;1070;Wien;Österreich;Islamische Glaubensgemeinschaft;
DJA;Dr. med. Jamal Atamniy;;;http://www.augenzentrumwien.at/;;0043 1 4065136;Jörgerstraße;10;1180;Wien;Österreich;"Augenarzt; spricht Deutsch, Englisch, Arabisch";
DKN;Diakonie;fluechtlingsdienst@diakonie.at;;https://fluechtlingsdienst.diakonie.at ;;0043 1 402 67 54;Schwarzspanierstraße;13;1090;Wien;Österreich;Unterstützt mit Fahrscheinen für öffentliche Verkehrsmittel (Zentrale in der Steinergasse 3/12, 1170 Wien);
DKN/ASH;Diakonie - Albert Schweitzer Haus;office@albert-schweitzer-haus.at;;https://diakonie.at/einrichtung/albert-schweitzer-haus ;;0043140834090;Garnisongasse;14-16;1090;Wien;Österreich;Flüchtlingshilfe und Beratung;
DKN/FLD;Diakonie - Flüchtlingsdienst;fluechtlingsdienst@diakonie.at;;https://fluechtlingsdienst.diakonie.at ;;0043 1 402 67 54;Steinergasse ;3/12;1170;Wien;Österreich;Rechts-, Sozial-, Wohn- und Jugendberatung sowie andere Angebote an mehreren Orten (siehe Kontakt);
DKN/INTO;INTO Diakonie;into.wien@diakonie.at;;https://diakonie.at/einrichtung/wien-integration-von-fluechtlingen;;0043 1 402 39 82;Margaretengürtel;18/ 9b;1050;Wien;Österreich;Integrationseinrichtung für asylberechtigte Personen (bietet Beratung, Lernbetreuung, Deutschkursmaßnahmen etc.);
DMO;Dr. Mustafa Osso;;;http://www.docfinder.at/arzt/psychiatrie-und-psychotherapeutische-medizin/1210-wien/dr-mustafa-osso-39844_1;;0043 1 2596183;Oswald Redlich-Straße;36/8/7;1210;Wien;Österreich;Allgemeinmediziner, spricht Arabisch, Englisch und Kurdisch ;
DRAA;Dr. Ahmad Abadi;augenarzt@abadi.at;;http://abadi.at/;;004315452151;Wiedner Hauptstraße;135;1050;Wien;Österreich;"Augenheilkunde und Optometrie; spricht Deutsch, Englisch, Arabisch, Farsi";
DRBSG;Dr. Babak Safdari Ghandehari;mail@dr-safdari.at;;http://www.dr-safdari.at/;;01 767 15 98;Simmeringer Platz;1/11;1110;Wien;Österreich;Neurologie / Psychiatrie und Psychotherapeutische Medizin spricht Englisch, Deutsch, Persisch;
DREN;Dr. Ehsani Naghme;;;https://www.google.at/url?sa=t&rct=j&q=&esrc=s&source=web&cd=1&cad=rja&uact=8&ved=0ahUKEwih2M2E2rjMAhVLAZoKHeSIDbkQFggfMAA&url=http%3A%2F%2Fwww.docfinder.at%2Farzt%2Fallgemeinmedizin%2F1150-wien%2Fdr-naghmeh-ehsani-54156_1&usg=AFQjCNGKRVyFfF3UpLlfNQ3f8AP0p8Gtuw&sig2=2uaqKUpkhfW252IsMRpEYw&bvm=bv.121070826,d.bGs;;0043 1 9825241;Hütteldorfer Straße;16-22/1/4;1150;Wien;Österreich;Ärztin für Allgemeinmedizin, spricht Farsi, Englisch;
DRH;Dr. Hajo;;;http://www.ordination-hajo.at/;;0043 1 3172133;Nußdorfer Str;46-48/1/3;1090;Wien;Österreich;Allgemeinmediziner, spricht Arabisch, Kurdisch, Englisch;
DRNAZ;MR Dr. Nashat Al-Zubaidi;;;http://www.docfinder.at/arzt/allgemeinmedizin/1090-wien/mr-dr-nashat-al-zubaidi-2286_1;;0043 1 31957840;Türkenstraße;10/2;1090;Wien;Österreich;Allgemeinmediziner, Spricht Deutsch und Arabisch;
DRSMMJ;Dr. med. univ. Sheriat-Moharery M J;;;http://www.docfinder.at/arzt/orthopaedie-und-orthopaedische-chirurgie/1210-wien/dr-mohammad-jafar-sheriat-moharery-21744_1;;0043 1 2943899;Brünner Str;219/A1/12;1210;Wien;Österreich;Arzt für Ortopädie, spricht Farsi und Deutsch;
DRYH;Mr. Dr. Yasdan Honarwasch;;;http://dr-honarwasch.stadtausstellung.at/ ;;0043 1 58783000;Getreidemarkt;11;1060;Wien;Österreich;Zahnarzt, spricht Farsi und Deutsch;
DRYZ;Dr. Yvetta Zakarian;;;http://ordination-zakarian.at/ ;;0043 1 4067284;Theresiengasse;52/2;1180;Wien;Österreich;"Ärztin für Allgemeinmedizin; spricht Deutsch, Farsi";
DSE;DSE Wien;office@dse-wien.at;;http://www.dse-wien.at/;;01/720 38 80 - 66;Taborstraße;24/18;1020;Wien;Österreich;Der Wiener Dachverband für sozial-ökonomische Einrichtungen;
DSJ;Dr. med. univ. Saliba Joseph;;;http://www.docfinder.at/arzt/allgemeinmedizin/1110-wien/dr-joseph-saliba-12820_1;;+43 1 7688333;Rosa Jochmann-Ring ;5;1110;Wien;Österreich;General Practitioner speaking German and Arabic;
DESSI;Dessi - Deserteursberatung;info@deserteursberatung.at;;http://www.deserteursberatung.at/;;04315337271;Schottengasse;3A;1010;Wien;Österreich;Bietet Beratung für Flüchtlinge, vor allem im Bezug auf ihre rechtliche Situation;
DSS;Das Sprachenstudio;info@sprachen-studio.at;;http://sprachen-studio.at ;;004319579649;Mariahilferstraße;93;1060;Wien;Österreich;Institut für Deutsch und Fremdsprachenkurse;
DVB;Dachverband - Wiener Sozialeinrichtungen;;;http://www.dachverband.at/;;1/317 18 66-0;Seidengasse ;9;1070;Wien;Österreich;Vernetzen Sozialpolitik, Verwaltung und soziale Unternehmen;
ELIS;Elisabeth-Brot;office@elisabethinen-wien.at;;http://www.elisabethinen-wien.at/unser_orden/elisabeth_brot/;;(0)1-71126-0;Landstraßer Hauptstraße;4a;1030;Wien;Österreich;Essensausgabe;
ERZ;Erzdioezese Wien;anliegen@edw.or.at;;http://www.erzdioezese-wien.at/;;43 1 51 552 0;Stephansplatz;6;1010;Wien;Österreich;Erzdiözöse der Stadt Wien;
FBUS;Francescobus;;;;;;Bahnhof Meidling;;1120;Wien;österreich;Essensausgabe;
FFI;Fit für Integration;office@fit4int.at;;http://de.fit4int.at/ ;;(01) 92 57 746;Karl-Meißl-Straße;6;1200;Wien;Österreich;Deutschkurse und Unterstützung für Eltern bei Lernaufgaben der Kinder. Schulung und Beratung für Frauen die sich in den Arbeitsmarkt integrieren möchten;
FL;First Love;;;http://www.firstlove.at/;;01 711654712;Juchgasse;25;1030;Wien;Österreich;Anonyme und kostenlose Beratung und Untersuchung ohne e-card. Mädchen und Burschen werden kostenlos und anonym beraten. Mädchen können sich zusätzlich kostenlos und anonym gynäkologisch untersuchen lassen.;
FNV;Flucht nach Vorn;fnv.intern@gmail.com;;http://www.fluchtnachvorn.org/ ;;;Harkortstraße;10;1020;Wien;Österreich;Bietet jungen Flüchtlingen Freizeitaktivitäten wie Sport, Kunst, Kultur, Musik und Bildung.;
FOODS;Foodsharing;;;https://foodsharing.at/;;;;;;;;Essensausgabe;
FRNDS;Friends;info@friends2.at;;http://www.friends2.at ;;004369915052376;Franz-Hochedlinger-Gasse;30-32;1020;Wien;Österreich;Bietet Lernhilfeangebote, Elternbildung, Integrationsbegleitung und ein reichhaltiges Freizeit-, und Kulturprogramm.;
FSW;Fond Soziales Wien;kontakt@fsw.at ;;http://www.firstlove.at/;;5050379;Guglgasse;07.09.2016;1030;Wien;Österreich;Die Mitarbeiterinnen und Mitarbeiter der Beratungszentren und Serviceeinrichtungen des Fonds Soziales Wien informieren Sie über Angebote und finanzielle Förderungen, beraten Sie und unterstützen bei der Organisation der benötigten Leistungen;
FTREFF;Frauentreff;office@piramidops.at;;http://www.piramidops.at ;;004319425330;Volkertplatz;1;1020;Wien;Österreich;"Bietet Sozialberatung,
Basisbildungskurse mit begleitender Kinderbetreuung, Arbeits- und Bildungsberatung für MigrantInnen";
FWF;Fremdewerdenfreunde;hallo@fremdewerdenfreunde.at;;http://www.fremdewerdenfreunde.at/;;;;;;;;Eine Facebook Seite auf der laufend Freizeitangebote gepostet werden;
FZKK;Franziskanerkloster;wien@franziskaner.at;;http://kloester.franziskaner.at/index.php?haus=31;;01-512 45 78;Franziskanerplatz;4;1010;Wien;Österreich;Essensausgabe;
GNT;Goodnight;;;http://goodnight.at/events;;;;;;;;Kunst und Kultur Magazin und Veranstaltungskalender;
GSDH;Gesundheit;gesundheitsportal@goeg.at;;https://www.gesundheit.gv.at/Portal.Node/ghp/public/content/stds-beratung-hilfe.html;;(0)1 515 61-180 ;Stubenring;6;1010;Wien;Österreich;Bietet eine Liste von Beratungsstellen bei Geschlechtskrankheiten;
HB;Hauptbücherei;amguertel@buechereien.wien.at;;https://www.buechereien.wien.at/de/standorteoeffnungszeiten/hauptbuecherei ;;1 4000-84500;Urban-Loritz-Platz;2A;1070;Wien;Österreich;Bietet Gratis WLAN;
HBB;Habibi - Flüchtlingsprojekte der Pfarre Franz von Sales;office@pfarre-krim.at;;https://www.facebook.com/HabibiProjekte/;;013684587;Sollingergasse ;24;1190;Wien;Österreich;"Buddy-, Integrations, Job-, Freizeit-, Wohnprogramme
- Deutschkurse, Sozialberatung, Kleiderausgabe";
HH;Helping Hands;info@helpinghands.at;;http://www.helpinghands.at/;;00431310888010;Taubstummengasse;7-9;1040;Wien;Österreich; Team von Juristen, das bei rechtlichen, integrativen und Rassismus betreffenden Problemen durch konkrete und individuelle Lösungsangebote hilft.;
HIZ;Akuthilfe Hietzing;akuthilfe.hietzing@gmail.com;;https://www.facebook.com/akuthilfehietzing/timeline;;0043676811845812;Jagdschlossgasse;59;1130;Wien;Österreich;Akuthilfe / Private Initiative um HelferInnen und Sachspenden zu organisieren;
HKK;Hunger auf Kunst und Kultur;monika.wagner@hungeraufkunstundkultur.at;;http://www.hungeraufkunstundkultur.at/jart/prj3/hakuk/main.jart;;01 319 02 39;Gumpendorfer Straße;9-10;1060;Wien;Österreich;Eine Aktion die die Türen und Tore zu Kunst & Kultur auch für sozial benachteiligte Menschen öffnet;
HMYT;Hemayat;office@hemayat.org;;http://www.hemayat.org ;;004312164306;Sechsschimmelgasse;21;1090;Wien;Österreich;Betreuungszentrum für Kriegs und Folterüberlebende;
HNH;Habibi und Hawerer;office@habibi.at;;http://habibi.at/#information;;01 5350675;Wipplingerstraße;29;1010;Wien;Österreich;Österreichisch-orientalische Fusionsküche;
HSJ;Tageszentrum Haus St. Josef;haus-st-josef@caritas-wien.at;;https://www.caritas-wien.at/hilfe-angebote/obdach-wohnen/wohnhaeuser/fuer-menschen-mit-gesundheitlichen-problemen/haus-st-josef/;;01 522 31 71;Bernardgasse;27;1070;Wien;Österreich;Platz für erwachsene wohnungslose Menschen, auch mit Suchtproblematik. Es stehen Plätze in Einzelzimmern und Paarzimmern zur Verfügung. Haustiere sind ebenfalls willkommen.;
HUNG;Bewegungs Hunger;office@bewegungshunger.info;;http://www.bewegungshunger.info/ ;; 01 8106022 ;;;;;;Bietet den TUWAS!PASS an, mit dem Menschen ohne Lohnarbeit oder mit geringem Einkommen kostenlos an Bewegungs-, Fitness- und Sportangeboten teilnehmen können.;
HWERK;Hilfwerk-Nachbarschaftszentren;michael.eibensteiner@wiener.hilfswerk.at;;http://www.nachbarschaftszentren.at;;004315123661421 ;;;;;;Hilfswerk-Nachbarschaftszentren sind lebendige Treffpunkte für Menschen aller Generationen und Herkunft. Die Zentren sind Orte des Austausches zwischen Menschen aller Generationen und sozialen Schichten. Auch Flüchtlinge sind recht herzlich bei uns willkommen. Begleitet werden die Besucherinnen und Besucher von multiprofessionellen Teams.;
HWERK/NBSZ12;Nachbarschaftszentrum 12 - Am Schöpfwerk;nz12@wiener.hilfswerk.at;;http://www.nachbarschaftszentren.at/nz12/zentrum/;;004316670778;Am Schöpfwerk;31;1120;Wien;Österreich;Hilfswerk-Nachbarschaftszentren sind lebendige Treffpunkte für Menschen aller Generationen und Herkunft. Die Zentren sind Orte des Austausches zwischen Menschen aller Generationen und sozialen Schichten. Auch Flüchtlinge sind recht herzlich bei uns willkommen. Begleitet werden die Besucherinnen und Besucher von multiprofessionellen Teams.;
HWERK/NBSZ15;Nachbarschaftszentrum 15 - Rauscherplatz;nz15@wiener.hilfswerk.at;;http://www.nachbarschaftszentren.at/nz15/zentrum/;;004319853830;Kardinal Rauscher Platz;4;1150;Wien;Österreich;Hilfswerk-Nachbarschaftszentren sind lebendige Treffpunkte für Menschen aller Generationen und Herkunft. Die Zentren sind Orte des Austausches zwischen Menschen aller Generationen und sozialen Schichten. Auch Flüchtlinge sind recht herzlich bei uns willkommen. Begleitet werden die Besucherinnen und Besucher von multiprofessionellen Teams.;
HWERK/NBSZ16;Nachbarschaftszentrum 16 - Ottakring;nz16@wiener.hilfswerk.at;;http://www.nachbarschaftszentren.at/nz16/zentrum/;;004314858117;Stöberplatz;2;1160;Wien;Österreich;Hilfswerk-Nachbarschaftszentren sind lebendige Treffpunkte für Menschen aller Generationen und Herkunft. Die Zentren sind Orte des Austausches zwischen Menschen aller Generationen und sozialen Schichten. Auch Flüchtlinge sind recht herzlich bei uns willkommen. Begleitet werden die Besucherinnen und Besucher von multiprofessionellen Teams.;
HWERK/NBSZ17;Nachbarschaftszentrum 17 - Hernals;nz17@wiener.hilfswerk.at;;http://www.nachbarschaftszentren.at/nz17/zentrum/;;004314039433;Hernalser Hauptstraße;53;1170;Wien;Österreich;Hilfswerk-Nachbarschaftszentren sind lebendige Treffpunkte für Menschen aller Generationen und Herkunft. Die Zentren sind Orte des Austausches zwischen Menschen aller Generationen und sozialen Schichten. Auch Flüchtlinge sind recht herzlich bei uns willkommen. Begleitet werden die Besucherinnen und Besucher von multiprofessionellen Teams.;
HWERK/NBSZ2;Nachbarschaftszentrum 2 - Leopoldstadt;nz2@wiener.hilfswerk.at;;http://www.nachbarschaftszentren.at/nz2/zentrum/;;004312120490 ;Vorgartenstraße   ;145-157;1020;Wien;Österreich;Hilfswerk-Nachbarschaftszentren sind lebendige Treffpunkte für Menschen aller Generationen und Herkunft. Die Zentren sind Orte des Austausches zwischen Menschen aller Generationen und sozialen Schichten. Auch Flüchtlinge sind recht herzlich bei uns willkommen. Begleitet werden die Besucherinnen und Besucher von multiprofessionellen Teams.;
HWERK/NBSZ22;Nachbarschaftszentrum 22 - Rennbahnweg;nz22@wiener.hilfswerk.at;;http://www.nachbarschaftszentren.at/nz22/zentrum/;;004312565790;Rennbahnweg;27;1220;Wien;Österreich;Hilfswerk-Nachbarschaftszentren sind lebendige Treffpunkte für Menschen aller Generationen und Herkunft. Die Zentren sind Orte des Austausches zwischen Menschen aller Generationen und sozialen Schichten. Auch Flüchtlinge sind recht herzlich bei uns willkommen. Begleitet werden die Besucherinnen und Besucher von multiprofessionellen Teams.;
HWERK/NBSZ3;Nachbarschaftszentrum 3 - Barichgasse;nz3@wiener.hilfswerk.at;;http://www.nachbarschaftszentren.at/nz3/zentrum/;;004317138249;Barichgasse;8;1030;Wien;Österreich;Hilfswerk-Nachbarschaftszentren sind lebendige Treffpunkte für Menschen aller Generationen und Herkunft. Die Zentren sind Orte des Austausches zwischen Menschen aller Generationen und sozialen Schichten. Auch Flüchtlinge sind recht herzlich bei uns willkommen. Begleitet werden die Besucherinnen und Besucher von multiprofessionellen Teams.;
HWERK/NBSZ6;Nachbarschaftszentrum 6 - Gumpendorf;nz6@wiener.hilfswerk.at;;http://www.nachbarschaftszentren.at/nz6/zentrum/;;004315973650 ;Bürgerspitalgasse;4 - 6;1060;Wien;Österreich;Hilfswerk-Nachbarschaftszentren sind lebendige Treffpunkte für Menschen aller Generationen und Herkunft. Die Zentren sind Orte des Austausches zwischen Menschen aller Generationen und sozialen Schichten. Auch Flüchtlinge sind recht herzlich bei uns willkommen. Begleitet werden die Besucherinnen und Besucher von multiprofessionellen Teams.;
HWERK/NBSZ7;Nachbarschaftszentrum 7 - Neubau;nz7@wiener.hilfswerk.at;;http://www.nachbarschaftszentren.at/nz7/zentrum/;;004315123661-440;Schottenfeldgasse;29;1070;Wien;Österreich;Hilfswerk-Nachbarschaftszentren sind lebendige Treffpunkte für Menschen aller Generationen und Herkunft. Die Zentren sind Orte des Austausches zwischen Menschen aller Generationen und sozialen Schichten. Auch Flüchtlinge sind recht herzlich bei uns willkommen. Begleitet werden die Besucherinnen und Besucher von multiprofessionellen Teams.;
HWERK/NBSZ8;Nachbarschaftszentrum 8 - Josefstadt;nz8@wiener.hilfswerk.at;;http://www.nachbarschaftszentren.at/nz8/zentrum/;;004314026875;Florianigasse;24;1080;Wien;Österreich;Hilfswerk-Nachbarschaftszentren sind lebendige Treffpunkte für Menschen aller Generationen und Herkunft. Die Zentren sind Orte des Austausches zwischen Menschen aller Generationen und sozialen Schichten. Auch Flüchtlinge sind recht herzlich bei uns willkommen. Begleitet werden die Besucherinnen und Besucher von multiprofessionellen Teams.;
IFACE;Interface Wien;info@interface-wien.at;;http://www.interface-wien.at/ ;;0043152450150;Paulanergasse;3;1040;Wien;Österreich;Bildungs-, Informations- und Beratungsmaßnahmen für asylberechtigte und subsidäre Schutzberechtigte;
IGH;Integrationshaus;info@integrationshaus.at;;http://www.integrationshaus.at ;;004312123520;Engerthstr.;163;1020;Wien;Österreich;Beratung, Bildung (Basisbildung und Deutschkurse für Junge) und Psychosoziale Betreuung für Flüchtlinge wird angeboten.;
IKG;Israelitische Kultusgemeinde Wien; office@ikg-wien.at;;http://www.ikg-wien.at/?page_id=787;;43/1/531 04-0;Seitenstettengasse;4;1010;Wien;Österreich;Israelitische Kultusgemeinde vertritt die Anliegen von Juden und Menschen mit jüdischen Glaubens;
IRN;Irani.at;info@irani.at;;http://irani.at/;;0043/ 676 917 60 24;;;;;;Nachrichten aus Österreich, Iran und der Welt, auch in Farsi;
JUV;Juvivo;juvivo@juvivo.at;;http://www.juvivo.at/ ;;1 505 80 62;Ottakringer Straße;54;1170;Wien;Österreich;Aufsuchende Jugendsozialarbeit in mehreren Wiener Bezirken;
JUV/JUV15;Juvivo - 15;15@juvivo.at;;http://juvivo.at/juvivo15/;;01 - 984 62 11;Huglgasse;14;1150;Wien;Österreich;Aufsuchende Jugendsozialarbeit in mehreren Wiener Bezirken;
JUV/JUV21;Juvivo - 21;21@juvivo.at;;http://juvivo.at/juvivo21/;;0660 – 588 48 62;Dunantgasse;15;1210;Wien;Österreich;Aufsuchende Jugendsozialarbeit in mehreren Wiener Bezirken;
JUV/JUV3;Juvivo - 03;03@juvivo.at;;http://juvivo.at/juvivo03/;;0660 – 58 84 86 3;Erdbergstraße;101;1030;Wien;Österreich;Aufsuchende Jugendsozialarbeit in mehreren Wiener Bezirken;
JUV/JUV6;Juvivo - 06;06@juvivo.at;;http://juvivo.at/juvivo06/;; 660 5884866;Gumpendorfer Straße;62;1060;Wien;Österreich;Aufsuchende Jugendsozialarbeit in mehreren Wiener Bezirken;
JUV/JUV9;Juvivo - 09;09@juvivo.at;;http://juvivo.at/juvivo09/;;43 660 588 48 69;Schulz – Straßnitzki – Gasse;15;1090;Wien;Österreich;Aufsuchende Jugendsozialarbeit in mehreren Wiener Bezirken;
KAMA;KAMA;wien@kama.or.at;;http://www.kama.or.at/wien;;;Absberggasse;27;1100;Wien;Österreich;Asylsuchende und MigrantInnen geben Kurse (Sport, Kochen, Sprachen, Kultur);
KDS;Kinder Drehscheibe;beratung@kinderdrehscheibe.at;;https://www.kinderdrehscheibe.at/de/;;01/58 10 660;Wehrgasse;26;1050;Wien;Österreich;Kinderbetreuung und Familienberatung;
KF;Kinder Freunde;kind-und-co@kinderfreunde . at;;http://www.kinderfreunde.at/;;1 512 12  98;Rauhensteingasse;5;1010;Wien;Österreich;Bundesorganisation für Koordinierung von Betreuung, Workshops etc. für Kinder;
KIZ;Krisen Interventions Zentrum;;;http://www.kriseninterventionszentrum.at/;;1/406 95 95;Lazarettgasse ;14A;1090;Wien;Österreich;präventiven Bereich tätige Ambulanz zur Bewältigung von akuten psychosozialen Krisen und Krisen mit hohem Suizidrisiko und/oder bei drohender Gewalt;
KNXL;Kostnix-Laden;info@umsonstladen.at;;http://www.kostnixladen.at/;;;Zentagasse;26;1050;Wien;Österreich;Im Kostnix-Laden kannst du ohne Geld „einkaufen“. Du kannst vorbeikommen und ohne Zwang zu irgendeiner Gegenleistung Dinge mitnehmen, die du brauchen kannst.;
LFO;LEFÖ;office@lefoe.at;;http://www.lefoe.at/ ;;004315811881;Kettenbrückengasse;15/4;1050;Wien;Österreich;Beratung, Bildung und Begleitung für MigrantInnen;
LOB16;lobby16;office@lobby16.org;;http://www.lobby16.org;;004312361027;Sechshauser Straße;34/11-12;1150;Wien;Österreich;Berufsorientierung und Bewerbungen (für unbegleitete minderjährige Flüchtlinge);
LUTH;Lutherkirche/ Evangelisches Pfarramt;pfarramt@lutherkirche.at;;https://www.wien.gv.at/sozialinfo/content/de/10/InstitutionDetail.do?it_1=2101068;;01-406 45 34;Martinstraße;23;1180;Wien;Österreich;Pro Person eine jause wöchentlich;
MAGD;Magdas Hotel;info@magdas-hotel;;http://www.magdas-hotel.at;;004317200288;Laufbergergasse;12;1020;Wien;Österreich;wird als Hotelbetrieb zusammen mit Flüchtlingen geführt;
MAN;Männerberatung Wien;info@maenner.at;;http://www.maenner.at/;;1 / 603 28 28;Erlachgasse ;95;1100;Wien;Österreich;Männerberatung Wien & Informationsstelle für Männer;
MCD;McDonalds;;;;;;;;;;;;
MEN;Men Center;kfj.men@wienkav.at;;http://www.men-center.at/;;01 / 60 191 - 5454 ;Kundratstraße;3;1100;Wien;Österreich;persönliche Beratung, Fortbildungen, Jugendworkshops, Gruppenangebote und  gesundheitsfördernde Projekte in mehreren Sprachen insbesondere für sozial benachteiligte Männer an;
MGTN;migration.gv.at;;;http://www.migration.gv.at/de/;;;;;;;;;
MIGR;Beratungszentrum für Migranten und Migrantinnen;migrant@migrant.at;;http://www.migrant.at/ ;;004317125604;Hoher Markt;8/2/2;1010;Wien;Österreich;arbeitsmarktpolitische Beratungseinrichtung;
MORE;more - Flüchtlingsinitiative der Universitäten;office@uniko.ac.at;;http://uniko.ac.at/projekte/more/;;1-3105656-0 ;Floragasse;7;1040;Wien;Österreich;Die Österreichische Universitätenkonferenz versteht sich als Stimme der öffentlichen österreichischen Universitäten und entwickelt gemeinsame Positionen zu universitätspolitisch und gesellschaftlich wichtigen Fragestellungen.;
MPF;Marienpfarre;kanzlei@marienpfarre.at;;http://www.marienpfarre.at/ ;;00431486259428;Wichtelgasse;74;1170;Wien;Österreich;Unterstützung für Asylsuchende.;
MTND;VinziRast Mittendrin;;;;;;;;;;;;
MV;MigrantInnenverein St. Marx;;;;;;;;;;;;
NDN;Missionarinnen der Nächstenliebe;;;;;;;;;;;;
NNH;Neunerhaus;;;;;;;;;;;;
ÖBB;Österreichische Bundes Bahnen;;;;;;;;;;;;
OEGF;Österreichische Gesellschaft für Familienplanung;;;;;;;;;;;;
OEIF;Österreichisches Integrations Fonds (ÖIF);wien@integrationsfonds.at;;http://www.integrationsfonds.at ;;+43 1 715 10 51;Landstraßer Hauptstraße;26;1030;Wien;Österreich;Bietet Deutsch und Berufsbildungskurse, Beratung und Unterstützung für MigrantInnen an.;
OEXP;Orient Express;office@orientexpress-wien.com;;http://www.orientexpress-wien.com ;;004317289725;Schönngasse;15-17/2;1020;Wien;Österreich;Beratungs-, Bildungs- und Kulturinitiative für Frauen. Bietet Beratung, Deutsch und Basisbildungskurse, und soziale Unterstützung für Frauen mit Migrationshintergrund.;
ORIE;Österreichische Orient- Gesellschaft Hammer-Purgstall;office@orient-gesellschaft.at;;www.orient-gesellschaft.at ;;004315128936;Dominikanerbastei;6/6;1010;Wien;Österreich;Bietet Deutschkurse, andere Kurse und Seminare.;
PF;Popfest;;;;;;;;;;;;
PFAZ;Pfarre Allerheiligen-Zwischenbrücken;;;;;;;;;;;;
PFZA;Pfarrzentrum Altsimmering;;;;;;;;;;;;
PFZHF;Pfarre zur heiligen Familie;;;;;;;;;;;;
PLZI;Polizei;;;;;;;;;;;;
PP;Praxisplan;;;;;;;;;;;;
PRGN;Peregrina;information@peregrina.at;;http://peregrina.at ;;004314083352;Wilhelm-Weber-Weg;1/2/1+2;1110;Wien;Österreich;Bietet Rechts- und Sozialberatung, psychologische Betreuung, Bildungsberatung und Bildungsmaßnahmen für Frauen.;
PROS/PROSCOS;Prosi Cosmetic World;;;;;;;;;;;;
PROS/PROSEX;Prosi Exotic Supermarket;;;;;;;;;;;;
PSDW;Psychosoziale Dienste Wien;;;;;;;;;;;;
RDK;Rettet das Kind Wien;;;http://www.rdk-wien.at/;;;;;;;;;
RKZ;Rotes Kreuz;;;;;;;;;;;;
RLVIL;Rosa Lila Villa;;;;;;;;;;;;
RWRK;refugeeswork.at;office@refugeeswork.at;;;;;;;;;;;
SAM;Samariterbund;info@samariterbund.net;;http://www.samariterbund.net/soziales/fluechtlingsbetreuung/ ;;0043189145141;Hollergasse;2-5;1150;Wien;Österreich;Hat sich zur Aufgabe gemacht Menschen, die ihre Heimat verlassen und in Österreich Asyl suchen, zu unterstützen (verschiedene Angebote für Jugendliche, Erwachsene und Familien);
SBK;stadtbekannt.at;office@stadtbekannt.at;;http://www.stadtbekannt.at/;;;;;;;;Stadtführer Wien;
SDTW;Stadt Wien;;;https://www.wien.gv.at/;;;;;;;;;
SDTW/HFFIN;Hilfe für Flüchtlinge in Wien;;;https://fluechtlinge.wien.gv.at/site/;;01 24 5 24 99;;;;;;Koordination von Wohn- und Unterbringungsfragen im Flüchtlingswesen sowie die Vernetzung und den Meinungsaustausch mit NGOs;
SIM;SIM - Schulinfo für MigrantInnen;sim@ssr-wien.gv.at;;https://www.wien.gv.at/bildung/stadtschulrat/beratung/schulinfo.html;;1 525 25-77868, -77859;Wipplingerstraße;28;1010;Wien;Österreich;Individuelle Beratung und Betreuung von Eltern, Schülerinnen und Schülern hinsichtlich der Aufnahme in Schulen, Schularten, Schulpflicht etc.;
SKND;Tatort im Schikaneder;office@schikaneder.at;;http://www.schikaneder.at/;;01 5852867;Margaretenstraße;22-24;1040;Wien;Österreich;Kultur- und Programmkino;
SOHO;A Wiener Halal;;;http://www.brunnenpassage.at/projekte/crossover/a-wiener-halal/;;;;;;;;Der Halal-Würstelstand verbindet Wiener Würsteltradition mit halal Zubereitung;
SOSMM;SOS Mitmensch;office@sosmitmensch.at;;http://www.sosmitmensch.at/ ;;00435249900;Zollergasse;15/2;1070;Wien;Österreich;setzt sich als Lobby für Menschenrechte, insbesondere für flüchtende Menschen und MigrantInnen;
SPACE/SPACEG;spacelab_girls;info@spacelab.cc;;http://www.spacelab.cc/Home/Kontakt/spacelab_girls;;004317894545;Hütteldorfer Straße;81B;1150;Wien;Österreich;Freizeitaktivitäten wie Workshops zum Thema Gesundheit, Ausflüge, kreative und sportliche Angebote;
SPACE/SPACEG;spacelab_gestaltung;info@spacelab.cc;;http://www.spacelab.cc/Home/Kontakt/spacelab_gestaltung;;004369914012173;Sachsenplatz;4-6;1200;Wien;Österreich;kreatives Werken, Gestalten in der Experimentierwerkstatt;
SPACE/SPACEK;spacelab_kreativ;info@spacelab.cc;;http://www.spacelab.cc/Home/Kontakt/spacelab_kreativ ;;004369914012171;Knöllgasse;2;1100;Wien;Österreich;Berufsorientierung und Zukunftsplanung für junge Erwachsene (auch junge Flüchtlinge);
SPACE/SPACEU;spacelab_umwelt;info@spacelab.cc;;http://www.spacelab.cc/Home/Kontakt/spacelab_umwelt;;004369914012172;Dr.-Albert-Geßmann-Gasse;38;1210;Wien;Österreich;Freizeitaktivitäten wie gemeinsames Kochen und Backen, kreative und sportliche Angebote sowie Ausflüge;
STZD;Schmerz-Therapie- Zentrum Döbling;office@stz.at;;http://www.stz.at/;;01/ 36 70 700;Döblinger Hauptstraße;21;1090;Wien;Österreich;Ganzheitliche Schmerztherapie, sprechen Deutsch, Englisch, Arabisch, Spanisch, Serbo-kroatisch;
SUP;Superar;office@superar.eu;;http://www.superar.eu/;;01/6005351;Absberggasse;27;1100;Vienna;Österreich;kostenfreie und hochwertige musikalische Ausbildung nach einer motivierenden Methode für JEDES Kind;
SVGE;Schwestern vom göttlichen Erlöser;sekretariat@provinzleitung.at;;http://www.schwestern-vom-goettlichen-erloeser.de;;01/5236444-820;Kaiserstraße;25-27;1070;Wien;Österreich;Frauenorden;
SW;Station Wien;office@stationwien.com;;http://www.stationwien.org ;;004319668096;Einsiedlerplatz;5/7;1050;Wien;Österreich;"Verein für Bildung, Beratung und kulturellen Austausch.
Bietet Deutsch und Basisbildungskurse wie auch kulturelle Aktivitäten.";
THL;Thalia Buch und Medien GmbH;;;http://www.thalia.at/shop/home/show/;;;;;;;;Free WLan;
TK;Tatort im TOP Kino;office@topkino.at ;;http://www.topkino.at/jart/projects/top-kino/main.jart;;01 2083000;Rahlgasse ;1;1060;Wien;Österreich;Kultur- und Programmkino;
TM;Talentify me;presse@talentify.at;;https://www.talentify.me/;;;;;;;;alentify.me unterstützt die schulübergreifende Lernhilfe zwischen SchülerInnen, fördert gezielt Talente und bietet spannende Workshops;
TRAIN;Train of Hope;info@trainofhope.at;;http://www.trainofhope.at/ ;;;Wien Hauptbahnhof;;1050;Wien;Österreich;Flüchtlings(erst-)hilfe am Wiener Hauptbahnhof;
TWO;TWO - The Welcoming Organisation;two.austria@gmail.com;;http://www.two-austria.at/;;43 664 65 64 3 69;;;;;;Versorgung von Flüchtlingen mit Nahrungsmitteln;
UB;Flüchtlingsprojekt Ute Bock;info@fraubock.at;;http://www.fraubock.at ;;00431929242424;Zohmanngasse;28;1100;Wien;Österreich;Bietet Ausbildung, Beratung und Unterkunft für Flüchtlinge.;
UKI;Unterstützungskomitee zur Integration (UKI);office@uki.or.at;;http://www.uki.or.at ;;00431914887020;Johnstraße;4;1150;Wien;Österreich;Bietet Deutschkurse, Basisbildung und Berufsberatung für MigrantInnen an.;
UNDOK;UNDOK;office@undok.at;;http://undok.at/;;1-53444-39040;Johann-Böhm-Platz;1;1020;Wien;Österreich;Wir informieren undokumentierte KollegInnen über ihre Rechte und bieten Beratung und Unterstützung bei der Durchsetzung arbeits- und sozialrechtlicher Ansprüche.;
UNIVBO;Universität Wien - Botanischer Garten;botanik@univie.ac.at;;http://www.botanik.univie.ac.at/hbv/index.php?nav=2;;(0)1 4277-54100;Rennweg;14;1030;Wien;Österreich;Botanischer Garten zum Spazieren und Relaxen;
VAWS;Volksanwaltschaft;post@volksanwaltschaft.gv.at;;http://volksanwaltschaft.gv.at/;;(0)1 / 515 05-0;Singerstraße ;17;1015;Wien;Österreich;Beschwerde bei zu langer Verfahrensdauer;
VFFI;Vereinigung für Frauenintegration;info@frauenintegration.at;;http://www.frauenintegration.at ;;004315240615;Stiftgasse;8/14;1070;Wien;Österreich;Beratung, Bildung und Integrationsprojekte für sozial benachteiligte Frauen aus unterschiedlichen Kulturen.;
VH;Volkshilfe Wien;office@volkshilfe.at;;https://www.volkshilfe.at/fluechtlingshilfe ;Marina Einböck;004314026209;Auerspergstraße;4;1010;Wien;Österreich;Betreibt Flüchtlingshäuser, eine Beratungsstelle sowie maßgeschneiderte Integrations- und Bildungsprojekte;
VHS;Die Wiener Volkshochschulen;info@vhs.at;;http://www.vhs.at/standorte.html;;004318930083;Lustkandlgasse;50;1090;Wien;Österreich;Bietet Deutschkurse für Flüchtlinge sowie Bildungs-, Berufs- und Laufbahnberatung an. Anlaufstelle für alle 34 VHS Standorte in ganz Wien.;
VHS1;VHS Wiener Urania;urania@vhs.at;;http://www.vhs.at/1-vhs-wiener-urania.html;;0043189174 301 000;Uraniastraße ;1;1010;Wien;Österreich;deutschkurse für flüchtlinge, bestätigung für billige deutschkurse um 90€ für 3 monate;
VHS3;VHS Landstaße;landstrasse@vhs.at;;http://www.vhs.at/3-vhs-landstrasse.html;;0043189 174 103 000;Hainburger Straße;29;1030;Wien;;Deutschkurse für Flüchtlinge sowie Bildungs-, Berufs- und Laufbahnberatung.;
VHS4;VHS polycollege Wieden; wieden@vhs.at;;http://www.vhs.at/5-vhs-polycollege-margareten/kontakt/kontakt101.html;;0043189174 DW 105000;Danhausergasse ;1;1040;Wien;Österreich;Deutschkurse für Flüchtlinge sowie Bildungs-, Berufs- und Laufbahnberatung;
VHS5a;VHS polycollege Margereten;polycollege@vhs.at;;http://www.vhs.at/5-vhs-polycollege-margareten.html;;0043189174 DW 105000;Stöbergasse ;11-15;1050;Wien;Österreich;Deutschkurse für Flüchtlinge sowie Bildungs-, Berufs- und Laufbahnberatung;
VHS5b;VHS KunstHandWerk; schlossgasse@vhs.at;;http://www.vhs.at/vhs-kunsthandwerk.html;;43 1 / 891 74 DW-105 000;Schlossgasse;23;1050;Wien;Österreich;Deutschkurse für Flüchtlinge sowie Bildungs-, Berufs- und Laufbahnberatung;
VHS5c;VHS polycollege Siebenbrunnengasse;siebenbrunnengasse@vhs.at;;http://www.vhs.at/5-vhs-polycollege-margareten/kontakt/kontakt1.html;;43 1 / 891 74 DW-105 001;Siebenbrunnengasse;37;1050;Wien;Österreich;Deutschkurse für Flüchtlinge sowie Bildungs-, Berufs- und Laufbahnberatung;
VHS6;VHS Mariahilf;mariahilf@vhs.at;;http://www.vhs.at/6-vhs-mariahilf/kontakt-anfahrt/damboeckgasse.html;;43 1 / 89 174 106 000;Dammböckgasse;4;1060;Wien;Österreich;Deutschkurse für Flüchtlinge sowie Bildungs-, Berufs- und Laufbahnberatung;
VHS8;VHS Josefstadt; josefstadt@vhs.at;;http://www.vhs.at/6-vhs-mariahilf/kontakt-anfahrt/schmidgasse.html;;43 1 / 89 174 106 001;Schmidgasse;18;1080;Wien;Österreich;Deutschkurse für Flüchtlinge sowie Bildungs-, Berufs- und Laufbahnberatung;
VHS9a;VHS Alsergrund;alsergrund@vhs.at;;http://www.vhs.at/9-vhs-alsergrund/kontakt-anfahrt/9-galileigasse.html;;43 1 / 89 174 109 000;Galileigasse;8;1090;Wien;Österreich;Deutschkurse für Flüchtlinge sowie Bildungs-, Berufs- und Laufbahnberatung;
VHS9b;Die Kunst VHS; kvh@vhs.at;;http://www.vhs.at/9-die-kunst-vhs/kontakt-anfahrt/lazarettgasse.html;;43 1 / 89 174 154 DW 110 oder 111;Lazarettgasse;27;1090;Wien;Österreich;Deutschkurse für Flüchtlinge sowie Bildungs-, Berufs- und Laufbahnberatung;
VHS10a;VHS Favoriten;favoriten@vhs.at;;http://www.vhs.at/10-vhs-favoriten.html ;;0043189174110000;Arthaberplatz;18;1100;Wien;Österreich;Offizielle Bildungseinrichtung, bietet Deutschkurse für MigrantInnen Basis und Weiterbildung.;
VHS10b;VHS PAHO;paho@vhs.at;;http://www.vhs.at/10-vhs-favoriten/kontakt-anfahrt/vhs-paho.html;;43 1 / 89 174 110 410;Per-Albin-Hansson-Siedlung Ost, Ada-Christen-Gasse ;2;1100;Wien;Österreich;Deutschkurse für Flüchtlinge sowie Bildungs-, Berufs- und Laufbahnberatung;
VHS11a;VHS Simmering;simmering@vhs.at;;http://www.vhs.at/11-vhs-simmering/kontakt-anfahrt/gottschalkgasse.html;;43 /1/ 89 174 111000;Gottschalkgasse;10;1110;Wien;Österreich;Deutschkurse für Flüchtlinge sowie Bildungs-, Berufs- und Laufbahnberatung;
VHS11b;VHS Leberberg;simmering@vhs.at;;http://www.vhs.at/11-vhs-simmering/kontakt-anfahrt/rosa-jochmann-ring.html;;43 /1/ 89 174 111001;Rosa-Jochmann-Ring;5/2;1110;Wien;Österreich;Deutschkurse für Flüchtlinge sowie Bildungs-, Berufs- und Laufbahnberatung;
VHS12a;VHS Meidling;meidling@vhs.at;;http://www.vhs.at/12-vhs-meidling.html ;;0043189174112000;Längenfeldgasse;13-15;1120;Wien;Österreich;Offizielle Bildungseinrichtung, bietet Deutschkurse für MigrantInnen Basis und Weiterbildung.;
VHS12b;VHS Schönbrunner Straße;schoenbrunnerstrasse@vhs.at;;http://www.vhs.at/12-vhs-meidling/kontakt0/kontakt-schoenbrunnerstrasse.html;;43 1 891 74 - 112 700;Schönbrunner Straße;213-215;1120;Wien;Österreich;Offizielle Bildungseinrichtung, bietet Deutschkurse für MigrantInnen Basis und Weiterbildung.;
VHS13;VHS Hietzing;hietzing@vhs.at;;http://www.vhs.at/13-vhs-hietzing.html;;43 1 89 174 113-000;Hofwiesengasse;48;1130;Wien;Österreich;Offizielle Bildungseinrichtung, bietet Deutschkurse für MigrantInnen Basis und Weiterbildung.;
VHS14;VHS Penzing;penzing@vhs.at ;;http://www.vhs.at/14-vhs-penzing.html;;43 1 89 174 114-000;Hütteldorfer Straße ;112;1140;Wien;Österreich;Offizielle Bildungseinrichtung, bietet Deutschkurse für MigrantInnen Basis und Weiterbildung.;
VHS15;VHS Rudolfsheim-Fünfhaus;rudolfsheim@vhs.at;;http://www.vhs.at/15-vhs-rudolfsheim-fuenfhaus.html ;;0043189174115000;Schwendergasse;41;1150;Wien;Österreich;Offizielle Bildungseinrichtung, bietet Deutschkurse für MigrantInnen Basis und Weiterbildung.;
VHS16;VHS Ottakring;ottakring@vhs.at;;http://www.vhs.at/16-vhs-ottakring.html ;;43 1 / 89174 116 000;Ludo-Hartmann-Platz;7;1160;Wien;Österreich;Offizielle Bildungseinrichtung, bietet Deutschkurse für MigrantInnen Basis und Weiterbildung.;
VHS17;VHS Hernals;hernals@vhs.at;;http://www.vhs.at/17-vhs-hernals.html;;43 1 / 89174 117 000;Rötzergasse;15;1170;Wien;Österreich;Offizielle Bildungseinrichtung, bietet Deutschkurse für MigrantInnen Basis und Weiterbildung.;
VHS19a;VHS Döbling;doebling@vhs.at;;http://www.vhs.at/9-vhs-alsergrund/kontakt-anfahrt/19-gatterburggasse.htmll;;43 1 / 89 174 109 002;Gatterburggasse;2a;1190;Wien;Österreich;Offizielle Bildungseinrichtung, bietet Deutschkurse für MigrantInnen Basis und Weiterbildung.;
VHS19b;VHS Heiligenstadt;heiligenstadt@vhs.at;;http://www.vhs.at/9-vhs-alsergrund/kontakt-anfahrt/19-heiligenstaedter-strasse.html;;43 1 / 89 174 109 001;Heiligenstädter Straße;155;1190;Wien;Österreich;Offizielle Bildungseinrichtung, bietet Deutschkurse für MigrantInnen Basis und Weiterbildung.;
VHS20;VHS Brigittenau;brigittenau@vhs.at;;http://www.vhs.at/20-vhs-brigittenau.html ;;43 1 / 89174 120 000;Raffaelgasse;11;1200;Wien;Österreich;Offizielle Bildungseinrichtung, bietet Deutschkurse für MigrantInnen Basis und Weiterbildung.;
VHS21a;VHS Floridsdorf;floridsdorf@vhs.at;;http://www.vhs.at/21-vhs-floridsdorf.html;;43 1 89174 121 000;Angerer Straße;14;1210;Wien;Österreich;Offizielle Bildungseinrichtung, bietet Deutschkurse für MigrantInnen Basis und Weiterbildung.;
VHS21b;VHS Florisdorf Ptkagasse;pitkagasse@vhs.at;;http://www.vhs.at/21-vhs-floridsdorf/kontakt3/kontakt11.html;;43 1 89174 121 001;Pitkagasse;3;1210;Wien;Österreich;Offizielle Bildungseinrichtung, bietet Deutschkurse für MigrantInnen Basis und Weiterbildung.;
VHS21c;VHS Neu-Stammersdorf;neustammersdorf@vhs.at;;http://www.vhs.at/21-vhs-floridsdorf/kontakt3/kontakt102.html;;43 1 89174 121 004;Brünner Straße;219;1210;Wien;Österreich;Offizielle Bildungseinrichtung, bietet Deutschkurse für MigrantInnen Basis und Weiterbildung.;
VHS21d;VHS Großfeldsiedlung;grossfeldsiedlung@vhs.at;;http://www.vhs.at/21-vhs-floridsdorf/kontakt3/kontakt1010.html;;43 1 89174 121 005;Kürschnergasse;9;1210;Wien;Österreich;Offizielle Bildungseinrichtung, bietet Deutschkurse für MigrantInnen Basis und Weiterbildung.;
VHS21e;VHS Großjedlersdorf;grossjedlersdorf@vhs.at;;http://www.vhs.at/21-vhs-floridsdorf/kontakt3/kontakt1000.html;;43 1 89174 121 006;Siemensstraße;17;1210;Wien;Österreich;Offizielle Bildungseinrichtung, bietet Deutschkurse für MigrantInnen Basis und Weiterbildung.;
VHS22a;VHS Donaustadt;donaustadt@vhs.at ;;http://www.vhs.at/22-vhs-donaustadt.html;;43 1 / 89174 122 111;Bernoullistraße;1;1220;Wien ;Österreich;Offizielle Bildungseinrichtung, bietet Deutschkurse für MigrantInnen Basis und Weiterbildung.;
VHS22b;VHS Eibengasse;eibengasse@vhs.at ;;http://www.vhs.at/22-vhs-donaustadt/kontakt-anfahrt/vhs-eibengasse.html;;43 1 / 89174 122 500;Eibengasse;57;1220;Wien;Österreich;Offizielle Bildungseinrichtung, bietet Deutschkurse für MigrantInnen Basis und Weiterbildung.;
VHS23a;VHS Liesing; liesing@vhs.at;;http://www.vhs.at/23-vhs-liesing.html;;43 1 / 89174 123 000;Liesinger Platz;3;1223;Wien;Österreich;Offizielle Bildungseinrichtung, bietet Deutschkurse für MigrantInnen Basis und Weiterbildung.;
VHS23b;VHS Mauer;mauer@vhs.at;;http://www.vhs.at/en/23-vhs-liesing/beratung-en/beratung-en.html;;43 1 / 89174 123 001;Speisinger Straße;256;1223;Wien;Österreich;Offizielle Bildungseinrichtung, bietet Deutschkurse für MigrantInnen Basis und Weiterbildung.;
VHS23c;VHS Erlaa;erlaa@vhs.at;;http://www.vhs.at/23-vhs-liesing/kontakt-anfahrt/vhs-erlaa.html;;43 1 / 89174 123 002;Putzendoplergasse;4;1223;Wien;Österreich;Offizielle Bildungseinrichtung, bietet Deutschkurse für MigrantInnen Basis und Weiterbildung.;
VHS23d;VHS BG Alt-Erlaa;liesing@vhs.at;;http://www.vhs.at/23-vhs-liesing/kontakt-anfahrt/vhs-bg-alt-erlaa.html;;43 1 / 89174 123 003;Anton-Baumgartner Straße;123;1230;Wien;;Offizielle Bildungseinrichtung, bietet Deutschkurse für MigrantInnen Basis und Weiterbildung.;
VIK;Wiener Victoria;marketing@wiener-viktoria.at;;http://www.wiener-viktoria.at/vik-sozial/;;00436603884646;Oswaldgasse;34;1120;Wien;Österreich;Integrativer Fußballverein;
VLC;Vienna law clinics;office@viennalawclinics.org;;http://viennalawclinics.org/asyl-und-fremdenrecht-what-we-do/;;;;;;Wien;Österreich;Kostenlose Rechtsberatung durch Studierende der Rechtswissenschaften, auch tätig im Asylrecht.  ;
VMCAFP;Café Prosa;;;https://www.facebook.com/CafeProsaVienna/ ;;;Sparkassaplatz;3;1150;Wien;Österreich;Café Prosa ist eine Begegnungszone ohne Konsumzwang, dafür mit Raum für alle!;
VMFW;Flüchtlinge Willkommen;;;;;;;;;;;;
VMLNM;Lange Nächte der Menschenrechte [20th June];Facebook messages possible ;;https://www.facebook.com/dielangennaechte;;;;;;;;;
VMPH;Projekt Home;anna.renner@vielmehr.at;;http://projekt-home.at/;;;Sparkassaplatz;3;1150;Wien;Österreich;Bietet Basisbildung und Betreuung für junge Flüchtlinge.;
VMPSFA;PROSA - Projekt Schule für Alle;david.fuellekruss@vielmehr.at;;http://www.prosa-schule.org ;David Füllekruss;+43 664 352 52 02;Sparkassaplatz;3;1150;Wien;Österreich;Bietet Basisbildung und Betreuung für junge Flüchtlinge.;
VMR;Verein Menschenrechte;rechtsberatung@verein-menschenrechte.at;;http://www.verein-menschenrechte.at;Mag. Julia PAESOLD;43 (1) 40 90 480;Alserstraße ;20 Tür 5;1090;Wien;Österreich;Rechtsberatung von Asylwerbern;
VMWI;Work:in;;;;;;;;;;;;
VPS;Verein Purple Sheep;office@purplesheet.at;;http://www.purplesheep.at/index.php ;;;Arndtstraße;88;1120;Wien ;Österreich;Verein zur Förderung und Einhaltung der Rechte von AsylwerberInnen und Fremden;
VSG;Verein für Soziale Gerechtigkeit;hermann.boehm@soziale-gerechtigkeit.at;;https://www.sozialegerechtigkeit.at/;Hermann Boehm;43 699 176 35 699;;;;;;;
VV;Vision Verde;http://www.visionverde.net/#!kontakt/c2q4;;http://www.visionverde.net;;43 699/ 113 74 874;naturparkstadt purkersdorf;;;;;Betreibt integrativ-sozialpädagogische Projekte;
VWJ;Verein Wiener Jugendzentren;wiener-jugendzentren@jugendzentren.at;;"
http://typo.jugendzentren.at/vjz/ ";Christian Holzhacker;01/278 76 45/35;;;;;;Der Verein Wiener Jugendzentren umfasst rund 40 Einrichtungen der Offenen Kinder und Jugendarbeit, der Mobilen Jugendarbeit und der Gemeinwesenarbeit.;
WBH;WBH-Wien;office@wbh-wien.at;;http://www.wbh-wien.at/index.php;;;Hernalser Hauptstraße;222;1170;Wien;Österreich;Wöchentliches Badmintontraining für Flüchtlinge;
WFBUND;Wiener Familienbund;office@wiener-familienbund.at;;http://www.wiener-familienbund.at/;;004315262929;Sechshauserstraß;48/4;1150;Wien;Österreich;Verein zur Förderung von Familien;
WHELF;Wir Helfen (Uni Wien);wirhelfen@univie.ac.at;;http://wirhelfen.univie.ac.at/index.php?id=879&L=0;;43-1-4277-175 01;Universitätsring;1;1010;Wien;Österreich;Überblick über bestehende Initiativen der Universität Wien, ihrer MitarbeiterInnen und Studierenden im Bereich Flüchtlingshilfe;
WHILF;Wiener Hilfswerk;fluechtlingshilfe@wiener.hilfswerk.at;;http://www.hilfswerk.at/wien/soziale-angebote/wohnungslosenhilfe/notquartier-fuer-fluechtlinge;;004315123661702;Schottenfeldgasse;29;1070;Wien;Österreich;Ein dichtes Netz an sozialen Einrichtungen und Angeboten, Hilfe für Jung und Alt, unterstützt Flüchtlinge schon bei ihren Grundbedürfnissen.;
WKL;Werkl im Goethehof;info@werkl.org;;http://www.werkl.org;;;Schüttaustraße;1-39/6 R02;1220;Wien;Österreich;Kultureller Freiraum,Förderung von nicht kommerzorientierter Kulturarbeit;
WM;Wien Museum;http://www.wienmuseum.at/en/contact.html?L=1;;http://www.wienmuseum.at/en.html;;01 50587470;Karlsplatz;8;1040;Wien;Österreich;Wiener Museen mit breiter Bandbreite an (Kunst-)Ausstellungen;
WTRS;Welcoming Tours;http://welcomingtours.at/contact-sitemap/;;http://welcomingtours.at;;;;;;;Österreich;"""Locals"" machen Touren (Stadt- oder Landspaziergänge, Rundfahrten, Führungen etc.) mit Flüchtlingen, um sie mit ihrer neuen Umgebung vertraut zu machen.";
WW;Wieder Wohnen;wiederwohnen@fsw.at ;;http://www.wiederwohnen.at/;;1/4000 – 59 110;Gaumagasse;7;1150;Wien;Österreich;"Die ""wieder wohnen"" GmbH ist die größte Anbieterin innerhalb der Wiener Wohnungslosenhilfe. Sie stellt unterschiedliche Wohn- und Betreuungsangebote für individuelle Bedürfnisse zur Verfügung und ist seit September 2015 außerdem in der Flüchtlingshilfe tätig.";
WXTRA;Wien Xtra;ifp@wienxtra.at;;http://www.wienxtra.at/erwachsene/flucht-asyl/;;431400083415;Albertgasse;35/II;1080;Wien;Österreich;wienXtra stellt das Thema Flucht & Asyl in den Mittelpunkt und lädt Sie zu Aktionen und Fortbildungen ein;
YHHV;You Are Here Vienna;info@youarehere.wien.;;https://www.facebook.com/youareherevienna/?fref=ts  https://www.instagram.com/youareherevienna/;;;;;;;;A digital City Guide to be(com)ing a local, from and for all Vienna locals - new and old alike;
ZBH;Zabihah;;;http://www.zabihah.com/reg/RGKRXTQrpY;;;;;;;;worlds biggest halal guide;
ZEIT;Zeit!Raum;office@zeitraum.org;;http://www.zeitraum.org ;;004318927400;Sechshauser Strasse;68-70;1150;Wien;Österreich;Zeit!Raum schafft Räume für Kommunikation, Sport, Beratung, Freizeit ,Kultur und Bildung.;
